{
  "Common": {
    "CASR": {
      "cold_start_rate": 90.525,
      "avg_cold_start_overhead": 10.090009767773907,
      "p95_latency": 28.441067929548243,
      "p99_latency": 43.11324664440231,
      "container_utilization_rate": 9.475,
      "resource_utilization_efficiency": 84.67042038876444,
      "avg_wasted_memory_time": 0.0,
      "avg_response_time": 10.131323856292322,
      "sla_violation_rate": 77.969,
      "throughput": 27.777822074516347,
      "successful_execution_ratio": 100.0,
      "energy_per_request": 0.0015830193525458018,
      "co2_estimate": 36.88435091431718,
      "burst_handling_efficiency": 100.0,
      "scaling_accuracy": 77.74333333333333,
      "elasticity_score": 92.0,
      "total_energy": 158.30193525458017,
      "tpi": 40.031,
      "agi": 0.0
    },
    "TASCAR": {
      "cold_start_rate": 71.851,
      "avg_cold_start_overhead": 10.237863932812182,
      "p95_latency": 26.971249028794244,
      "p99_latency": 40.12726663395716,
      "container_utilization_rate": 28.149,
      "resource_utilization_efficiency": 87.435363407696,
      "avg_wasted_memory_time": 0.0,
      "avg_response_time": 8.353350128380164,
      "sla_violation_rate": 61.136,
      "throughput": 27.777822074516347,
      "successful_execution_ratio": 100.0,
      "energy_per_request": 0.0013052109575594415,
      "co2_estimate": 30.411415311134988,
      "burst_handling_efficiency": 100.0,
      "scaling_accuracy": 12.36,
      "elasticity_score": 100.0,
      "total_energy": 130.52109575594415,
      "tpi": 48.481,
      "agi": 20.62855564761116
    }
  },
  "Significant": {
    "CASR": {
      "cold_start_rate": 93.625,
      "avg_cold_start_overhead": 11.119314069546082,
      "p95_latency": 30.044951595684363,
      "p99_latency": 51.834729275504586,
      "container_utilization_rate": 6.375,
      "resource_utilization_efficiency": 84.2282585808845,
      "avg_wasted_memory_time": 0.0,
      "avg_response_time": 11.402781359656242,
      "sla_violation_rate": 84.414,
      "throughput": 27.77790320803226,
      "successful_execution_ratio": 100.0,
      "energy_per_request": 0.0017816845874462038,
      "co2_estimate": 41.513250887496554,
      "burst_handling_efficiency": 100.0,
      "scaling_accuracy": 75.32666666666668,
      "elasticity_score": 89.0,
      "total_energy": 178.16845874462038,
      "tpi": 37.901,
      "agi": 0.0
    },
    "TASCAR": {
      "cold_start_rate": 74.548,
      "avg_cold_start_overhead": 11.468957024934745,
      "p95_latency": 28.957411794149518,
      "p99_latency": 49.73020868496683,
      "container_utilization_rate": 25.452,
      "resource_utilization_efficiency": 87.024930902304,
      "avg_wasted_memory_time": 0.0,
      "avg_response_time": 9.542201644991719,
      "sla_violation_rate": 67.444,
      "throughput": 27.77790320803226,
      "successful_execution_ratio": 100.0,
      "energy_per_request": 0.001490969007029914,
      "co2_estimate": 34.739577863797,
      "burst_handling_efficiency": 100.0,
      "scaling_accuracy": 12.36,
      "elasticity_score": 100.0,
      "total_energy": 149.0969007029914,
      "tpi": 46.483,
      "agi": 20.375967957276366
    }
  },
  "Random": {
    "CASR": {
      "cold_start_rate": 77.012,
      "avg_cold_start_overhead": 12.23930972627007,
      "p95_latency": 34.22668233504484,
      "p99_latency": 58.43120626103658,
      "container_utilization_rate": 22.988,
      "resource_utilization_efficiency": 86.65331050318548,
      "avg_wasted_memory_time": 0.0,
      "avg_response_time": 10.34960742567866,
      "sla_violation_rate": 65.81700000000001,
      "throughput": 27.77791600799144,
      "successful_execution_ratio": 100.0,
      "energy_per_request": 0.0016171261602621453,
      "co2_estimate": 37.679039534107986,
      "burst_handling_efficiency": 100.0,
      "scaling_accuracy": 55.217391304347814,
      "elasticity_score": 87.0,
      "total_energy": 161.71261602621453,
      "tpi": 46.137,
      "agi": 0.0
    },
    "TASCAR": {
      "cold_start_rate": 70.841,
      "avg_cold_start_overhead": 12.465430086755969,
      "p95_latency": 34.22668233504484,
      "p99_latency": 58.43120626103658,
      "container_utilization_rate": 29.159000000000002,
      "resource_utilization_efficiency": 87.59006448390512,
      "avg_wasted_memory_time": 0.0,
      "avg_response_time": 9.754505547042355,
      "sla_violation_rate": 60.19,
      "throughput": 27.77791600799144,
      "successful_execution_ratio": 100.0,
      "energy_per_request": 0.0015241414917252039,
      "co2_estimate": 35.51249675719725,
      "burst_handling_efficiency": 100.0,
      "scaling_accuracy": 12.36,
      "elasticity_score": 100.0,
      "total_energy": 152.41414917252038,
      "tpi": 48.946,
      "agi": 8.013036929309726
    }
  }
}