{
  "variant": "V1_CASR_seed456",
  "episodes": [
    1,
    2,
    3,
    4,
    5,
    6,
    7,
    8,
    9,
    10,
    11,
    12,
    13,
    14,
    15,
    16,
    17,
    18,
    19,
    20,
    21,
    22,
    23,
    24,
    25,
    26,
    27,
    28,
    29,
    30,
    31,
    32,
    33,
    34,
    35,
    36,
    37,
    38,
    39,
    40,
    41,
    42,
    43,
    44,
    45,
    46,
    47,
    48,
    49,
    50,
    51,
    52,
    53,
    54,
    55,
    56,
    57,
    58,
    59,
    60,
    61,
    62,
    63,
    64,
    65,
    66,
    67,
    68,
    69,
    70,
    71,
    72,
    73,
    74,
    75,
    76,
    77,
    78,
    79,
    80,
    81,
    82,
    83,
    84,
    85,
    86,
    87,
    88,
    89,
    90,
    91,
    92,
    93,
    94,
    95,
    96,
    97,
    98,
    99,
    100,
    101,
    102,
    103,
    104,
    105,
    106,
    107,
    108,
    109,
    110,
    111,
    112,
    113,
    114,
    115,
    116,
    117,
    118,
    119,
    120,
    121,
    122,
    123,
    124,
    125,
    126,
    127,
    128,
    129,
    130,
    131,
    132,
    133,
    134,
    135,
    136,
    137,
    138,
    139,
    140,
    141,
    142,
    143,
    144,
    145,
    146,
    147,
    148,
    149,
    150,
    151,
    152,
    153,
    154,
    155,
    156,
    157,
    158,
    159,
    160,
    161,
    162,
    163,
    164,
    165,
    166,
    167,
    168,
    169,
    170,
    171,
    172,
    173,
    174,
    175,
    176,
    177,
    178,
    179,
    180,
    181,
    182,
    183,
    184,
    185,
    186,
    187,
    188,
    189,
    190,
    191,
    192,
    193,
    194,
    195,
    196,
    197,
    198,
    199,
    200
  ],
  "rewards": [
    -0.5118148617998693,
    -0.5374067231440373,
    -0.664217492950902,
    -0.609049571993716,
    -0.2985846562799971,
    -0.5688275862068967,
    -0.5148172757475084,
    -0.3782059800664452,
    -0.6004269584537931,
    -0.6039546191247974,
    -0.44330632090761746,
    -0.35008103727714757,
    -0.3518962722852513,
    -0.3040518638573744,
    -0.30236628849270664,
    -0.22994576824488205,
    -0.3287375886524823,
    -0.6020992907801419,
    -0.44516312056737595,
    -0.5718014184397163,
    -0.5080283687943263,
    -0.5076159394157951,
    -0.46584745762711866,
    -0.6279227637996982,
    -0.6384265010351967,
    -0.6531677018633542,
    -0.4675776397515528,
    -0.49962732919254665,
    -0.5189233954451345,
    -0.6602898550724638,
    -0.6284057971014493,
    -0.6062111801242236,
    -0.5597515527950311,
    -0.43337474120082825,
    -0.6152380952380954,
    -0.345175983436853,
    -0.604968944099379,
    -0.5804554865424432,
    -0.5457556935817804,
    -0.6297308488612836,
    -0.570103519668737,
    -0.5426086956521741,
    -0.48985507246376814,
    -0.6029813664596275,
    -0.4501863354037267,
    -0.4821532091097308,
    -0.5777225672877846,
    -0.2254313674252213,
    -0.6856008359456636,
    -0.6217763845350053,
    -0.5487147335423198,
    -0.6905747126436782,
    -0.6730616509926856,
    -0.6512852664576803,
    -0.7182863113897598,
    -0.6963427377220481,
    -0.7069592476489028,
    -0.6593103448275863,
    -0.7175757575757576,
    -0.6950470219435738,
    -0.652246603970742,
    -0.7003552769070012,
    -0.7265621734587253,
    -0.6014629049111807,
    -0.6103239289446185,
    -0.6262486938349008,
    -0.614712643678161,
    -0.6903657262277954,
    -0.555694879832811,
    -0.6443887147335424,
    -0.6095297805642634,
    -0.3696287583317856,
    -0.7252064631956914,
    -0.6191023339317774,
    -0.7357989228007182,
    -0.718527827648115,
    -0.7214721723518853,
    -0.7413644524236982,
    -0.7119210053859963,
    -0.5024416517055655,
    -0.6449192100538601,
    -0.6380610412926393,
    -0.6252064631956913,
    -0.7320287253141832,
    -0.6584560143626571,
    -0.7029084380610414,
    -0.6055655296229803,
    -0.6891921005385997,
    -0.7002513464991026,
    -0.6526750448833034,
    -0.7255296229802514,
    -0.6861400359066427,
    -0.6385996409335727,
    -0.6711310592459606,
    -0.6763016157989229,
    -0.71213644524237,
    -0.6627648114901258,
    -0.7140394973070018,
    -0.7427289048473968,
    -0.6966965888689408,
    -0.5278276481149013,
    -0.7199281867145422,
    -0.43077199281867157,
    -0.6635547576301615,
    -0.5696947935368043,
    -0.675870736086176,
    -0.673536804308797,
    -0.5693357271095152,
    -0.7177737881508077,
    -0.6097307001795332,
    -0.6578096947935368,
    -0.6979174147217235,
    -0.7025852782764812,
    -0.6403949730700179,
    -0.6436983842010772,
    -0.701867145421903,
    -0.6974147217235189,
    -0.6981328545780969,
    -0.6897307001795333,
    -0.5911310592459607,
    -0.7209335727109516,
    -0.723016157989228,
    -0.673644524236984,
    -0.7056014362657091,
    -0.5715260323159785,
    -0.7194614003590665,
    -0.7167684021543986,
    -0.7428007181328546,
    -0.6930341113105924,
    -0.7005026929982048,
    -0.7021903052064633,
    -0.6509515260323161,
    -0.6866427289048473,
    -0.6486175942549373,
    -0.651346499102334,
    -0.512423698384201,
    -0.6145421903052065,
    -0.71016157989228,
    -0.6864272890484742,
    -0.7002154398563736,
    -0.6719928186714543,
    -0.7238779174147217,
    -0.7087612208258528,
    -0.6304129263913825,
    -0.4668940754039498,
    -0.7169838420107719,
    -0.692100538599641,
    -0.6337522441651706,
    -0.6514901256732495,
    -0.7,
    -0.6740754039497308,
    -0.5346140035906644,
    -0.5710951526032316,
    -0.693536804308797,
    -0.599640933572711,
    -0.6989228007181328,
    -0.7106283662477558,
    -0.6211131059245961,
    -0.5447396768402155,
    -0.6684739676840216,
    -0.6789946140035907,
    -0.6634470377019748,
    -0.717737881508079,
    -0.44190305206463193,
    -0.6160861759425493,
    -0.4759425493716337,
    -0.7268940754039499,
    -0.6352603231597846,
    -0.688330341113106,
    -0.693572710951526,
    -0.6806104129263915,
    -0.6747935368043088,
    -0.41759425493716334,
    -0.6545307443365695,
    -0.7060841423948221,
    -0.7271197411003236,
    -0.7119093851132687,
    -0.6890291262135922,
    -0.7062783171521034,
    -0.5877346278317152,
    -0.6616181229773463,
    -0.6219741100323626,
    -0.7154692556634304,
    -0.6223624595469257,
    -0.7444336569579288,
    -0.7265695792880258,
    -0.6402912621359225,
    -0.7077346278317154,
    -0.6872815533980584,
    -0.6389967637540453,
    -0.7070873786407768,
    -0.7122330097087379,
    -0.7123624595469258,
    -0.7127184466019418,
    -0.6911974110032363,
    -0.7032362459546926,
    -0.6938187702265374,
    -0.5697087378640776,
    -0.6966343042071197,
    -0.6040776699029127
  ],