{
  "variant": "V1_CASR_seed123",
  "episodes": [
    1,
    2,
    3,
    4,
    5,
    6,
    7,
    8,
    9,
    10,
    11,
    12,
    13,
    14,
    15,
    16,
    17,
    18,
    19,
    20,
    21,
    22,
    23,
    24,
    25,
    26,
    27,
    28,
    29,
    30,
    31,
    32,
    33,
    34,
    35,
    36,
    37,
    38,
    39,
    40,
    41,
    42,
    43,
    44,
    45,
    46,
    47,
    48,
    49,
    50,
    51,
    52,
    53,
    54,
    55,
    56,
    57,
    58,
    59,
    60,
    61,
    62,
    63,
    64,
    65,
    66,
    67,
    68,
    69,
    70,
    71,
    72,
    73,
    74,
    75,
    76,
    77,
    78,
    79,
    80,
    81,
    82,
    83,
    84,
    85,
    86,
    87,
    88,
    89,
    90,
    91,
    92,
    93,
    94,
    95,
    96,
    97,
    98,
    99,
    100,
    101,
    102,
    103,
    104,
    105,
    106,
    107,
    108,
    109,
    110,
    111,
    112,
    113,
    114,
    115,
    116,
    117,
    118,
    119,
    120,
    121,
    122,
    123,
    124,
    125,
    126,
    127,
    128,
    129,
    130,
    131,
    132,
    133,
    134,
    135,
    136,
    137,
    138,
    139,
    140,
    141,
    142,
    143,
    144,
    145,
    146,
    147,
    148,
    149,
    150,
    151,
    152,
    153,
    154,
    155,
    156,
    157,
    158,
    159,
    160,
    161,
    162,
    163,
    164,
    165,
    166,
    167,
    168,
    169,
    170,
    171,
    172,
    173,
    174,
    175,
    176,
    177,
    178,
    179,
    180,
    181,
    182,
    183,
    184,
    185,
    186,
    187,
    188,
    189,
    190,
    191,
    192,
    193,
    194,
    195,
    196,
    197,
    198,
    199,
    200
  ],
  "rewards": [
    -0.5132569023041269,
    -0.5013967136150235,
    -0.7261234334712477,
    -0.28705882352941176,
    -0.4215008670134721,
    -0.527378640776699,
    -0.6404660194174757,
    -0.41393939393939394,
    -0.4913636363636365,
    -0.5671212121212121,
    -0.37822306238185266,
    -0.31695945227889727,
    -0.37792163543441226,
    -0.26916524701873934,
    -0.3836456558773424,
    -0.20389764814835992,
    -0.34778523489932894,
    -0.658255033557047,
    -0.33140939597315444,
    -0.5391946308724833,
    -0.529261744966443,
    -0.23505035916895575,
    -0.42511296076099886,
    -0.5444946492271107,
    -0.5650416171224732,
    -0.5340309155766946,
    -0.5296551724137931,
    -0.42986920332936984,
    -0.3101070154577883,
    -0.5546730083234246,
    -0.6661296489926091,
    -0.5491415313225059,
    -0.45967517401392116,
    -0.4047331786542923,
    -0.6041763341067286,
    -0.28232018561484923,
    -0.5974013921113689,
    -0.6103944315545246,
    -0.5474709976798144,
    -0.6052900232018563,
    -0.4283990719257541,
    -0.5270533642691415,
    -0.5149883990719257,
    -0.583294663573086,
    -0.45791183294663573,
    -0.45735498839907185,
    -0.4976334106728538,
    -0.29650960782348484,
    -0.6352637749120751,
    -0.6132239155920283,
    -0.6105978898007034,
    -0.6890973036342322,
    -0.6831887456037515,
    -0.6607737397420868,
    -0.6774208675263775,
    -0.6997889800703401,
    -0.6724970691676436,
    -0.6657444314185229,
    -0.7058851113716296,
    -0.6966471277842907,
    -0.6762954279015242,
    -0.6758264947245018,
    -0.6392966002344667,
    -0.634232121922626,
    -0.54841735052755,
    -0.6314654161781947,
    -0.6058616647127785,
    -0.6182883939038687,
    -0.6097538100820634,
    -0.6530832356389216,
    -0.6649472450175851,
    -0.32383390653027233,
    -0.6741702741702743,
    -0.6164886964886966,
    -0.7169215969215971,
    -0.717960557960558,
    -0.7282347282347281,
    -0.7172679172679173,
    -0.6835978835978836,
    -0.5374506974506976,
    -0.631996151996152,
    -0.6376911976911978,
    -0.6315728715728716,
    -0.7094564694564696,
    -0.7215776815776815,
    -0.7164213564213565,
    -0.5931313131313132,
    -0.6782106782106783,
    -0.7001058201058201,
    -0.6001346801346801,
    -0.6977970177970177,
    -0.6787493987493989,
    -0.6565464165464167,
    -0.6781721981721982,
    -0.6935642135642135,
    -0.6962962962962964,
    -0.6925252525252524,
    -0.7203848003848005,
    -0.7233477633477634,
    -0.7240019240019241,
    -0.6144492544492546,
    -0.7344684944684945,
    -0.4187397787397787,
    -0.6818662818662818,
    -0.5746224146224146,
    -0.5910918710918711,
    -0.6776334776334776,
    -0.5627320827320828,
    -0.7061856661856664,
    -0.6206445406445407,
    -0.6230303030303032,
    -0.6933333333333334,
    -0.685868205868206,
    -0.6478499278499279,
    -0.6781337181337183,
    -0.7115728715728717,
    -0.6967580567580568,
    -0.6684367484367485,
    -0.6413083213083213,
    -0.5187878787878788,
    -0.692987012987013,
    -0.6567772967772968,
    -0.6859451659451661,
    -0.7349687349687349,
    -0.5767003367003368,
    -0.6024819624819624,
    -0.6505050505050505,
    -0.6735161135161135,
    -0.7152284752284752,
    -0.6358056758056758,
    -0.6593939393939394,
    -0.6558922558922559,
    -0.68987012987013,
    -0.6785569985569986,
    -0.6335738335738336,
    -0.526945646945647,
    -0.6084463684463685,
    -0.6864838864838865,
    -0.6517364117364117,
    -0.6480808080808081,
    -0.6847522847522848,
    -0.665012025012025,
    -0.6674362674362675,
    -0.6621645021645023,
    -0.5256758056758056,
    -0.7223088023088022,
    -0.7037999037999039,
    -0.6770562770562771,
    -0.6101779701779703,
    -0.6897931697931698,
    -0.6678595478595479,
    -0.6087157287157288,
    -0.5933237133237134,
    -0.6796729196729197,
    -0.6387301587301588,
    -0.6777104377104377,
    -0.6877922077922078,
    -0.556921596921597,
    -0.6803655603655604,
    -0.6912938912938913,
    -0.6819432419432421,
    -0.6508513708513709,
    -0.7203078403078403,
    -0.385993265993266,
    -0.6518082422203533,
    -0.5116568544995795,
    -0.7186543313709,
    -0.640067283431455,
    -0.6897560975609756,
    -0.7117241379310345,
    -0.613389402859546,
    -0.6853490328006728,
    -0.4340790580319597,
    -0.6352228763666948,
    -0.6855508830950379,
    -0.7134398654331371,
    -0.6577628259041212,
    -0.6126156433978134,
    -0.7119932716568547,
    -0.5778637510513036,
    -0.6899579478553407,
    -0.6240874684608915,
    -0.7115895710681246,
    -0.6370731707317073,
    -0.733927670311186,
    -0.6450798990748529,
    -0.6579983179142137,
    -0.6966526492851136,
    -0.5606391925988226,
    -0.6369722455845248,
    -0.7124978973927669,
    -0.6213624894869639,
    -0.6765349032800672,
    -0.7147855340622371,
    -0.6592094196804038,
    -0.6526156433978134,
    -0.7030109335576114,
    -0.6476703111858704,
    -0.7037510513036165,
    -0.6417493692178301
  ],