{
  "Common": {
    "sac": {
      "mean": 10.794333333333336,
      "std": 9.148144310915377,
      "values": [
        10.735,
        19.97200000000001,
        1.676000000000002
      ]
    },
    "trans": {
      "mean": 6.479333333333339,
      "std": 9.871048846669394,
      "values": [
        -2.5179999999999865,
        4.918000000000006,
        17.037999999999997
      ]
    },
    "v4": {
      "mean": 17.52,
      "std": 1.1914713592864903,
      "values": [
        16.650000000000006,
        18.878,
        17.031999999999996
      ]
    },
    "synergy": {
      "mean": 0.2463333333333253,
      "std": 7.413053239612769,
      "values": [
        8.432999999999993,
        -6.012000000000015,
        -1.6820000000000022
      ]
    }
  },
  "Significant": {
    "sac": {
      "mean": 12.713,
      "std": 4.374227817569636,
      "values": [
        17.42,
        8.772999999999996,
        11.945999999999998
      ]
    },
    "trans": {
      "mean": 3.5686666666666675,
      "std": 15.17212807530088,
      "values": [
        1.3730000000000047,
        -10.385999999999996,
        19.718999999999994
      ]
    },
    "v4": {
      "mean": 16.00766666666667,
      "std": 6.760149505250116,
      "values": [
        20.105000000000004,
        8.204999999999998,
        19.713000000000008
      ]
    },
    "synergy": {
      "mean": -0.2739999999999962,
      "std": 10.971315873677131,
      "values": [
        1.3119999999999976,
        9.817999999999998,
        -11.951999999999984
      ]
    }
  },
  "Random": {
    "sac": {
      "mean": 9.238999999999999,
      "std": 6.366849220768466,
      "values": [
        9.161999999999992,
        15.644000000000005,
        2.9110000000000014
      ]
    },
    "trans": {
      "mean": 18.802666666666667,
      "std": 2.2904480638803646,
      "values": [
        18.50099999999999,
        16.67800000000001,
        21.229
      ]
    },
    "v4": {
      "mean": 20.608,
      "std": 0.5399842590298353,
      "values": [
        20.248999999999995,
        20.346000000000004,
        21.229
      ]
    },
    "synergy": {
      "mean": -7.433666666666667,
      "std": 4.532532000254757,
      "values": [
        -7.413999999999987,
        -11.976000000000013,
        -2.9110000000000014
      ]
    }
  }
}