{
  "Common": {
    "CASR": {
      "cold_start_rate": 89.503,
      "avg_cold_start_overhead": 10.085845210672087,
      "p95_latency": 28.367296784955986,
      "p99_latency": 42.97160566462911,
      "container_utilization_rate": 10.497,
      "resource_utilization_efficiency": 84.81721042992957,
      "avg_wasted_memory_time": 0.0,
      "avg_response_time": 10.024476552922803,
      "sla_violation_rate": 77.084,
      "throughput": 27.777822074516347,
      "successful_execution_ratio": 100.0,
      "energy_per_request": 0.001566324461394316,
      "co2_estimate": 36.49535995048757,
      "burst_handling_efficiency": 100.0,
      "scaling_accuracy": 80.67368421052632,
      "elasticity_score": 91.0,
      "total_energy": 156.6324461394316,
      "tpi": 40.486,
      "agi": 0.0
    },
    "TASCAR": {
      "cold_start_rate": 71.848,
      "avg_cold_start_overhead": 10.236244326798152,
      "p95_latency": 26.971249028794244,
      "p99_latency": 40.12726663395716,
      "container_utilization_rate": 28.152,
      "resource_utilization_efficiency": 87.43582210666884,
      "avg_wasted_memory_time": 0.0,
      "avg_response_time": 8.351879337933218,
      "sla_violation_rate": 61.133,
      "throughput": 27.777822074516347,
      "successful_execution_ratio": 100.0,
      "energy_per_request": 0.0013049811465521064,
      "co2_estimate": 30.40606071466408,
      "burst_handling_efficiency": 100.0,
      "scaling_accuracy": 17.401999999999997,
      "elasticity_score": 80.0,
      "total_energy": 130.49811465521063,
      "tpi": 48.482,
      "agi": 19.725595790085247
    }
  },
  "Significant": {
    "CASR": {
      "cold_start_rate": 93.692,
      "avg_cold_start_overhead": 11.157067081798017,
      "p95_latency": 30.189862357063795,
      "p99_latency": 51.834729275504586,
      "container_utilization_rate": 6.308,
      "resource_utilization_efficiency": 84.21875315833415,
      "avg_wasted_memory_time": 0.0,
      "avg_response_time": 11.445602852321871,
      "sla_violation_rate": 84.566,
      "throughput": 27.77790320803226,
      "successful_execution_ratio": 100.0,
      "energy_per_request": 0.001788375445675209,
      "co2_estimate": 41.66914788423237,
      "burst_handling_efficiency": 100.0,
      "scaling_accuracy": 64.79599999999999,
      "elasticity_score": 95.0,
      "total_energy": 178.8375445675209,
      "tpi": 37.852,
      "agi": 0.0
    },
    "TASCAR": {
      "cold_start_rate": 74.558,
      "avg_cold_start_overhead": 11.474787591779975,
      "p95_latency": 28.957411794149518,
      "p99_latency": 49.73020868496683,
      "container_utilization_rate": 25.441999999999997,
      "resource_utilization_efficiency": 87.02341626094665,
      "avg_wasted_memory_time": 0.0,
      "avg_response_time": 9.547695694722684,
      "sla_violation_rate": 67.45400000000001,
      "throughput": 27.77790320803226,
      "successful_execution_ratio": 100.0,
      "energy_per_request": 0.0014918274523003769,
      "co2_estimate": 34.75957963859878,
      "burst_handling_efficiency": 100.0,
      "scaling_accuracy": 17.401999999999997,
      "elasticity_score": 80.0,
      "total_energy": 149.18274523003768,
      "tpi": 46.479,
      "agi": 20.422234555778495
    }
  },
  "Random": {
    "CASR": {
      "cold_start_rate": 90.081,
      "avg_cold_start_overhead": 11.51844601243384,
      "p95_latency": 34.22668233504484,
      "p99_latency": 58.43120626103658,
      "container_utilization_rate": 9.919,
      "resource_utilization_efficiency": 84.73412972130609,
      "avg_wasted_memory_time": 0.0,
      "avg_response_time": 11.299801571743894,
      "sla_violation_rate": 76.793,
      "throughput": 27.77791600799144,
      "successful_execution_ratio": 100.0,
      "energy_per_request": 0.0017655939955849053,
      "co2_estimate": 41.13834009712829,
      "burst_handling_efficiency": 100.0,
      "scaling_accuracy": 66.22100000000002,
      "elasticity_score": 90.0,
      "total_energy": 176.55939955849053,
      "tpi": 40.387,
      "agi": 0.0
    },
    "TASCAR": {
      "cold_start_rate": 70.838,
      "avg_cold_start_overhead": 12.463046819124049,
      "p95_latency": 34.22668233504484,
      "p99_latency": 58.43120626103658,
      "container_utilization_rate": 29.162,
      "resource_utilization_efficiency": 87.59052480748808,
      "avg_wasted_memory_time": 0.0,
      "avg_response_time": 9.752443325014653,
      "sla_violation_rate": 60.187000000000005,
      "throughput": 27.77791600799144,
      "successful_execution_ratio": 100.0,
      "energy_per_request": 0.0015238192695333757,
      "co2_estimate": 35.504988980127656,
      "burst_handling_efficiency": 100.0,
      "scaling_accuracy": 17.401999999999997,
      "elasticity_score": 80.0,
      "total_energy": 152.38192695333757,
      "tpi": 48.947,
      "agi": 21.36188541423831
    }
  }
}