{
  "Common": {
    "CASR": {
      "cold_start_rate": 90.737,
      "avg_cold_start_overhead": 10.076495858631324,
      "p95_latency": 28.441067929548243,
      "p99_latency": 42.97160566462911,
      "container_utilization_rate": 9.263,
      "resource_utilization_efficiency": 84.640034397838,
      "avg_wasted_memory_time": 0.0,
      "avg_response_time": 10.140452561261258,
      "sla_violation_rate": 78.131,
      "throughput": 27.777822074516347,
      "successful_execution_ratio": 100.0,
      "energy_per_request": 0.0015844457126972065,
      "co2_estimate": 36.917585105844914,
      "burst_handling_efficiency": 100.0,
      "scaling_accuracy": 61.3495238095238,
      "elasticity_score": 89.0,
      "total_energy": 158.44457126972065,
      "tpi": 39.941,
      "agi": 0.0
    },
    "TASCAR": {
      "cold_start_rate": 71.883,
      "avg_cold_start_overhead": 10.231469936712505,
      "p95_latency": 26.971249028794244,
      "p99_latency": 40.12726663395716,
      "container_utilization_rate": 28.116999999999997,
      "resource_utilization_efficiency": 87.43047091809758,
      "avg_wasted_memory_time": 0.0,
      "avg_response_time": 8.352030048622327,
      "sla_violation_rate": 61.133,
      "throughput": 27.777822074516347,
      "successful_execution_ratio": 100.0,
      "energy_per_request": 0.001305004695097281,
      "co2_estimate": 30.40660939576665,
      "burst_handling_efficiency": 100.0,
      "scaling_accuracy": 22.716000000000008,
      "elasticity_score": 80.0,
      "total_energy": 130.5004695097281,
      "tpi": 48.473,
      "agi": 20.77873414373409
    }
  },
  "Significant": {
    "CASR": {
      "cold_start_rate": 91.892,
      "avg_cold_start_overhead": 11.177836550235613,
      "p95_latency": 30.044951595684363,
      "p99_latency": 51.834729275504586,
      "container_utilization_rate": 8.108,
      "resource_utilization_efficiency": 84.47487041567778,
      "avg_wasted_memory_time": 0.0,
      "avg_response_time": 11.26386112478619,
      "sla_violation_rate": 82.95,
      "throughput": 27.77790320803226,
      "successful_execution_ratio": 100.0,
      "energy_per_request": 0.0017599783007477632,
      "co2_estimate": 41.00749440742288,
      "burst_handling_efficiency": 100.0,
      "scaling_accuracy": 67.31052631578946,
      "elasticity_score": 91.0,
      "total_energy": 175.99783007477632,
      "tpi": 38.664,
      "agi": 0.0
    },
    "TASCAR": {
      "cold_start_rate": 74.558,
      "avg_cold_start_overhead": 11.474787591779975,
      "p95_latency": 28.957411794149518,
      "p99_latency": 49.73020868496683,
      "container_utilization_rate": 25.441999999999997,
      "resource_utilization_efficiency": 87.02341626094665,
      "avg_wasted_memory_time": 0.0,
      "avg_response_time": 9.547695694722684,
      "sla_violation_rate": 67.45400000000001,
      "throughput": 27.77790320803226,
      "successful_execution_ratio": 100.0,
      "energy_per_request": 0.0014918274523003769,
      "co2_estimate": 34.75957963859878,
      "burst_handling_efficiency": 100.0,
      "scaling_accuracy": 22.716000000000008,
      "elasticity_score": 80.0,
      "total_energy": 149.18274523003768,
      "tpi": 46.479,
      "agi": 18.863448395943053
    }
  },
  "Random": {
    "CASR": {
      "cold_start_rate": 85.675,
      "avg_cold_start_overhead": 11.78519389008788,
      "p95_latency": 34.22668233504484,
      "p99_latency": 58.43120626103658,
      "container_utilization_rate": 14.325,
      "resource_utilization_efficiency": 85.37157980120685,
      "avg_wasted_memory_time": 0.0,
      "avg_response_time": 11.020835084616163,
      "sla_violation_rate": 73.421,
      "throughput": 27.77791600799144,
      "successful_execution_ratio": 100.0,
      "energy_per_request": 0.0017220054819711717,
      "co2_estimate": 40.1227277299283,
      "burst_handling_efficiency": 100.0,
      "scaling_accuracy": 61.63999999999999,
      "elasticity_score": 91.0,
      "total_energy": 172.20054819711717,
      "tpi": 42.258,
      "agi": 0.0
    },
    "TASCAR": {
      "cold_start_rate": 70.852,
      "avg_cold_start_overhead": 12.460690739604091,
      "p95_latency": 34.22668233504484,
      "p99_latency": 58.43120626103658,
      "container_utilization_rate": 29.148000000000003,
      "resource_utilization_efficiency": 87.58837667216179,
      "avg_wasted_memory_time": 0.0,
      "avg_response_time": 9.752518822107852,
      "sla_violation_rate": 60.187000000000005,
      "throughput": 27.77791600799144,
      "successful_execution_ratio": 100.0,
      "energy_per_request": 0.001523831065954187,
      "co2_estimate": 35.50526383673256,
      "burst_handling_efficiency": 100.0,
      "scaling_accuracy": 22.716000000000008,
      "elasticity_score": 80.0,
      "total_energy": 152.3831065954187,
      "tpi": 48.943,
      "agi": 17.301429822001744
    }
  }
}